context,target
turning towards,anyone
several words you understand but that was all that caught the,son
long time we did all,the
sooner or later she must,fall
when to these recollections was added the,development
her entreaties when a door,slammed
had remained indoors,all
neither in need of encouragement,nor
disagreements about me mr mccarthy,was
he came and,in
you a quite exceptional,woman
could have,the
freely until i had taken it upstairs and locked it in,the
for neither lydia nor mr collins were once,silent
no no we should have him,loitering
head sunk upon his chest and his,hands
room only for the stream and a narrow,walk
receptionist sarcastic oh that,s
believing him the kind,of
style of his address she was still full,of
difficulty in believing that,neither
the guys stretch,out
chandler joey and phoebe start to pick through the lasagne as there s a knock on the door which monica,answers
out at,me
could only be a small one or it would have been,remarked
believe by the way in view of recent occurrences perhaps i,ought
to this,young
strong balance,of
several of my cases and,a
the elder brother is very sickly i suppose you would,not
of them i answered but if i am to go i must pack,at
i am so delighted that,you
tolerably detached tone,while
cooking and keeps the place clean that s,all
lashed so,savagely
then i went into the back yard,and
name of breckinridge upon it and the proprietor a horsey,looking
witness it then i could produce your,confession
the hope we dare entertain of,her
chandler leans over the,back
elizabeth was distressed she felt,that
leads on to the complete,truth
observation whatever,were
was seen swinging in the trough of a,wave
the lady first spoke she wished him to know,that
that will do very nicely,then
clatter of steps upon,the
could find them it is likely that we should have gone,on
chandler you,got
error i have,certainly
which makes the danger still it is clear that,she
the most,select
and your assurance of it,i
such cases as these a good memory is unpardonable this,is
the other clerks about,having
what steps,will
companion we soothed and,comforted
oh mr sherlock,holmes
australian from ballarat with a,grey
i was half dragged up to the altar and,before
drawn my circle and i only wish i knew at,what
his design and he was not willing to have the attempt known,till
time lapse rachel and ross are watching a tv channel finishes it,s
snake before the morning light revealed it to the victim he,had
subject at last she recollected,that
habits he learned to play heavily at cards,and
copies of,the
though not in,principle
share of that it was more a feeling of duty a feeling that,some
make notes upon anything which,you
and yours he,replied
sometimes dirty and,sometimes
bennets could not,be
rucastle expressed a delight at the look of it,which
when the restoration of peace dismissed them to a,home
whenever miss de bourgh looked,that
that will do said,holmes
objects for jealousy had not yet,made
metallic clang which might have,been
side calm and concise and,soon
incensed mrs bennet and which,she
branch of the subject and related,with
the blue carbuncle james ryder upper attendant at,the
you that my mind was far from at ease and that i was,well
denny tempted me further by his account of their,present
our visitor staggered to his feet and clutched the mantelpiece,with
most negligent and dilatory,correspondent
and i could make out nothing save,the
paid for and were,ordered
patience in weather which totally,suspended
too young however he wrote some verses on her and,very
circumstance itself,and
elizabeth feeling really anxious was determined,to
attempts of the friends to hush,the
the proof i,heard
with a scream fell down senseless on,the
out upon the,sundial
could not have formed,a
the name was indeed well known to us as belonging to the senior,partner
mentioned and that though my brother thought,that
you are not going to introduce yourself to,mr
so much the better it cannot be done,too
that is,right
woman who had caused the original disturbance in the belief,that
door which faced,that
well well and so mr bingley,is
for mr collins was only a clergyman and it affected them,in
you have supported this extraordinary application,have
michaelmas and some of his servants,are
daughters on the brink of matrimony let,me
that i had forfeited all claim to it,by
heard the rush of steps below and only just had time to,close
bingley s being withheld from seeing jane she,felt
stream mr gardiner expressed,a
clair has most kindly put two rooms at my disposal,and
a few,moments
you used us abominably ill answered mrs hurst running,away
blue it was of excellent material a sort,of
chandler nah not so much alright now we smoke takes,a
tell me helen said she have you,ever
plain text and,rich
more and passing his hand over his high,white
without any reference,to
realistic effect remarked holmes this is,wanting
exact spot at which the,body
vanilla ascii or other form any alternate,format
into the very simple problem presented by miss mary,sutherland
inquiry may but confirm his guilt but in any case,we
diffidence and the little value he,put
may laugh,at
lips tight and turned his face,towards
elegant little hot pressed paper,well
as rust s popularity continues to,grow
in no very sweet temper to,lecture
also i shall tell colonel forster it will be quite a shame if,he
papers and note books bearing upon my uncle s,life
thick fog,rolled
he must,guard
down to the visit to saxe coburg,square
i am,all
metal bars that secured,the
headline one hundred years,of
she was wild to be at home to hear to see to be upon the,spot
they walked on without knowing in,what
i hope said she as they were walking,together
see that you have any grievance against,this
especially if lady,catherine
for five,minutes
side of a valley into which,the
for it is impossible no man of common,humanity
cruelly i have misjudged,him
holmes the scotland yard,jack
heard anything since then to throw any light upon what,became
was along the open grove which,edged
opinion we have boxed the compass among us,who
are to be thankful,that
the adventure,of
upon maria and as elizabeth saw no occasion,for
writer were at times,widely
for answer holmes pushed back,the
must be materially affected by the,difference
monica hey rach how was it with your friends she,and
father s uncommon attachment to me irritated him i,believe
soon be the wife of mr darcy console lady catherine,as
that it has,been
she could not be wanted to counteract her mother s,schemes
expect him to keep it or,quit
already been,minutely
the rest you will leave in,our
well i have only,just
opportunity now of seeing her on the most intimate,footing
and this ha ha what,have
ross what,is
the firm does so,when
soon after their return a letter was delivered to miss,bennet
it seemed to me that i had never met so fascinating,and
dignified relations at rosings had she seen him so desirous,to
this text,is
god help us said holmes after a,long
introduced the discussion of their affairs,darcy
the sake of mr collins too why should,he
you were not yourself at fault,at
baboon we had no feeling,of
yes i have got it,now
i am sorry you think so but if that be the,case
upon the subject in the course of a day or two to day is,saturday
thrust into red,heelless
instantly caught by pemberley house situated on,the
well i thought over the matter all day and,by
she do and,into
i was half dragged up to the altar,and
contemplation of the greatness before him and constantly,bowing
but a very serious one to me returned the king,reproachfully
was as the inspector had said extremely dirty but the grime,which
yes and he,seemed
that is the reward and i have reason to know that there,are
presented by,his
i have,sir
which surely,he
caltrops in chief over a fess sable born,in
no excuse will avail said mr duncan,ross
past behaviour there was a constant source,of
holmes i have,been
understand it in a,very
receive from me a letter of,thanks
upon the other side,without
good night mister sherlock,holmes
spirits which had seldom been depressed before were now so,much
search for me for it,will
data he cried impatiently i can t make bricks without clay,and
separate bingley and jane she had never doubted but she,had
that is unusual in,a
resolve our,doubts
hastening in the direction of the fire,the
his knee i took a good look at the,man
and he was so much,struck
lizzy do anything rather than marry without affection are,you
phoebe she is so great i miss,her
to meet him at,boscombe
oh yes sir i,have
pressed together his legs stretched,out
the struggle and was endeavouring to straighten,it
turned the key gently in the lock opened the door and,slipped
englishman and there isn t a man in the,parish
phoebe does um anyone,wanna
one of his problems and she,is
well it is very ingenious said,i
lizzy you must not,do
must set ourselves very seriously to finding this,gentleman
beyond their deserts but with,him
by education and habitual study to decide on what,is
little of their meeting in,derbyshire
cargo by the,time
you must confine yourself to your room on pretence,of
you must speak to her in the morning or i will if you prefer it,are
bachelor it was all done,in
such as vanity,and
till sir william was out of,sight
mrs bennet with great civility begged,her
character in the city all day,a
enormous pressure when i passed outside however,and
name to,you
though it is difficult,said
i thought it better not to disturb,it
across the park and,so
you already use to calculate your applicable taxes the fee is,owed
bennet and as,he
that white one with,the
few minutes longer,without
interference lest mary,should
cannot come to a house which he has,legally
formalities have,hurried
shut and,the
answered you have insulted me in every,possible
charlotte s kindness,extended
have given to mine tottering,and
demands of the game mr,wickham
and made a little face,of
end in disappointment for in her opinion it admitted not of,a
study of my life to avoid those weaknesses which,often
observations of threadbare morality to listen to,catherine
his affection and wishes must still,be
a cart containing,several
cheating a person of their premeditated,contempt
what can be the matter then,can
it was a,few
went off to some other place,concealed
apology for my intrusion,i
things in,a
would not hear of it how,he
ceased ere,i
was also not unnatural if you consider that he stood beside,the
it is a little cold for the time of the year,said
there is only one feasible explanation you have,been
those details,which
near elizabeth said to,her
over utterly and has written,to
ah said he i forgot that i had not seen you for some weeks,it
direct road nor more than a mile or two,out
to my,conversation
you desire to see solved i,should
rucastle s past life that he finds it difficult to part from,them
this is the man,whom
they must be,cunning
the nature,of
seen his son mr james mccarthy going the same way with,a
accustomed to use slang of the kind i,have
this was not,exactly
has lydia what attraction has she beyond youth health,and
at length,by
by refusing your hand do all in,my
has now been drawn to it that no good purpose can,be
building of the house holmes drew,one
in absurd contrast to the dignity,of
forward with a lantern in one hand and a weapon like a butcher,s
be embarrassed or had you intended,any
and manner told their own story he,was
he might have leaped,back
until at last he smoothed one out doubled it over,and
where lady catherine her daughter and mrs jenkinson,were
ross okay that s great susan gives her drink to,carol
the station master had not finished his speech,before
animation to,her
i would have thanked,you
acquaintances in,general
for what am i to,do
others and when they had reached the carriage mr and,mrs
come and stay,with
what can it mean,i
scored by six almost parallel cuts,obviously
ross of course not i m suggesting geller willick,bunch
the afternoon i,waited
in the direction of the old hat,but
keen white teeth still,meeting
favour don t you see that you alternately,give
and how,have
ten thousand a year the gentlemen pronounced,him
tallow walks upstairs at night probably with his hat in one,hand
had all the best part of,beauty
and said that it would be safer and better,not
everybody s sake that,she
wished them,a
woman there,are
breast and his hat drawn,over
the victim he had trained it probably by,the
name is hugh boone and his hideous,face
have you dragged the basin of trafalgar,square
was something else which she,would
merryweather who,is
has less foresight,now
convince the police authorities that there is no,possible
them and i trust you will not esteem them unreasonable,my
lens and lay down upon,his
drawer which,they
than to run such a risk but against,this
friends to his,acquaintance
anne s anne would have been a delightful performer,had
went her way with a promise to,come
jane take,care
lot this morning mrs hudson has been,knocked
the prisoner turned with the reckless air of a man who,abandons
you are too sensible a girl lizzy,to
whether he had ever heard of colonel,lysander
what can,i
adventures started it,was
merely answered her question and read on at,length
bingley it,is
states compliance requirements are not uniform and it takes,a
no sir but the facts might be,met
disappearance of openshaw,from
resentment is a shade in,a
ross alright alright maybe it ll take my mind off it do you promise,to
him several hours it was all over before i,arrived
always felt that charlotte s opinion of,matrimony
probably never reach when she thought of,her
dear wickham you,must
uncontrollable agitation then with a gesture of desperation he,tore
of opinion we have boxed the compass among,us
whisper that this adventure has rather,affected
hurried forward,and
way there every man i met seemed,to
the pistol,clinked
happiness were,in
vexation and it is better to,know
apologising if he,thought
he is certainly a,good
oakshott to night or whether we,should
i mention it,because
through a side door which he opened,for
impossible and do you really,love
think you could not do,better
door he then,sat
yourself open,to
game for,a
there is,nothing
as flattering encouragement,to
himself with a pale face and,a
character her mind was less difficult to develop she,was
holmes was for the moment as startled as i,his
if you,please
oh tut tut sweating rank sweating he,cried
but you,have
i had once some thoughts of fixing in town myself for,i
offenses might have,been
in meryton last,night
remember his boasting one day at,netherfield
darcy invite him with the greatest,civility
yours when shall you be able to enter,upon
call them to their,mother
now for mr,breckinridge
talents or miraculous virtue and,the
did you observe anything very peculiar about that,bed
their first subject was the diminution of the rosings,party
perhaps i,have
to jane herself she,exclaimed
again i,fail
professional and of the agricultural having a black top hat a,long
i shall just have time to,tell
to know anything about it they found at last on examining,their
was said of wishing them to stay,at
qualities elizabeth,was
elizabeth equally,next
oh just,as
during this inquiry and,it
word to either of us but she,glanced
more precious to her than what we are in quest of,she
his day in,the
table could divide them he was on one side of her mother,she
but holmes,shook
answered smiling and the humbler are,usually
joey bursts out laughing again i,can
asked i am prepared to,leave
meanwhile for i do not think that there can be a doubt that,you
struggled with him they,had
in a hearty meal when,it
secluded after all yet it,was
the black swan is,an
exhausted by the attempt to,be
divert me i,own
mr and mrs francis hay moulton the lady,i
market place said,he
fresh blood on following him they found the,dead
make her visitors forget,their
soon as,he
is of course obvious upon the face of it and also,that
elizabeth was longing to know what,mrs
effort more and turning to elizabeth,said
gloom and in the cold dank air of the,vault
literary archive,foundation
yes there was a ring his signet,ring
hum said holmes sinking,back
sensible of some pleasure though mixed with,regret
james mccarthy was acquitted,at
arthur s sir george burnwell has been several times lately no,one
astonished as you may both think at this sudden,commission
witnesses depose that mr mccarthy was walking alone,the
which even in these days of free education and,encyclopaedias
very good i shall look into the matter between this,and
this one twelve months i find an account of the adventure of,the
than i could suffer i struck him down with no,more
mrs bennet perhaps surpassing,the
and for,present
this note of yours mr windibank that in every case,there
well then ask,mrs
persuaded that nothing could be done for lydia,her
distributing or creating derivative works based on this work,or
monica oh,that
no that was not the point however i shall,write
handsome man dark aquiline,and
event or any particular person,for
i do assure you sir that i have,no
chandler well maybe it s,a
smearing my face with a,little
them and what the object of,his
no sir but i want to find out about them and who,they
where are,they
about three years i,heard
i have no right,to
have now made it eligible the,church
ready for,a
that he would,go
heads of your profession,still
consequence they may wish him to marry,a
carriage and,read
what is there of good to be,expected
passed that evening my opinion of all,parties
mind was so absolutely,concentrated
men servants go with,her
accompanying her rejection,he
pain but,herself
ever on any pretext,set
chandler ugly naked guy got,a
freedom which it gives,i
neighbourhood where i,can
revolver into your pocket an eley s no is an,excellent
gardiner were engaged with their children was,now
degree by a distinction so ill,applied
staggered and had almost come to believe that,mrs
they still live,with
on them at pemberley in spite,of
beholding it for,everything
sudden and so terrible is it public disgrace,i
respective houses and what is to divide,them
is many many years since i first began to think of him in a,very
paula honey you should always feel the thing listen if that s how you feel about the guy monica,dump
perpetrated in the house he,beat
i am afraid that,you
went by,without
in equal silence was enjoying the,scene
spite of the slight,frost
observation in following out those clues,and
anything could be made out from them his principal object,must
perhaps you had better not speak of,the
oh just as you like said she,a
it may,be
to do,anything
to eyford in,berkshire
main article c and,c
she followed him thither and her curiosity to know what he,had
of satisfaction this is indeed important said,he
christmas two years ago and met,there
so much for the servants my family itself is so small that it,will
then we shall both come what are you going,to
down the,rope
in her kind schemes for,elizabeth
exceeding thinness i do,not
opened at the other end of the passage and,a
thought the reaction against the,poetic
a likely story as if a man bent on felony,would
be at st george s hanover square,that
just courage enough to make a very low bow,and
well there seems,to
was brought in to me by one of the clerks i,started
monica no no no they say it s,the
congratulation mr hurst also made her a,slight
entreat you not to suppose that i moved this,way
mrs geller to monica,and
works in compliance with the terms of this agreement,for
i shall,certainly
often given,me
be to know,how
miss stoner laying her hand upon my companion,s
mischief of neglect,and
person wrote her some,compromising
instead of giving,her
my god he cried someone,has
to be almost,inexplicable
mrs hurst and her sister allowed it to be so but still,they
affectionate generous heart in the world and no,one
windings but when they had crossed the bridge,and
the whole of his connection with my,family
figure to be,light
the red headed league he said that he,had
and by,a
fairbank was a good,sized
neither duty nor honour nor gratitude,replied
what something about mr,robinson
ross no actually i was just saying it looks like we re not,sitting
which all this,points
so i heard you have,him
it as the front of a,picture
i will,not
occasions i always,wish
for a long time we did,all
neither to my years nor my gravity with,a
severed human thumb upon a window sill,of
story he was at,work
whether bingley would take the place,which
the grounds at all being,a
handy and i think i shall just,treat
when he was,gone
in describing to her all the grandeur of lady catherine and,her
i had not at that time the honour of knowing any,lady
monica no he ll be fine it s the other,five
weighing upon his,mind
away while waiting then i walked,to
to it and i shall order you a cup,of
the sill when his blow fell i was,conscious
imprudent as to,fortune
had so effectually done before and she asked,bingley
by flora millar and,that
armitage of crane water,near
had ceased,ere
and i may confess at once,that
give the sanguine hope of good,however
took me to a small outhouse which stands,near
her hands in her lap and a sad anxious look,upon
confined to,his
voice and saw the fury with which he shook,his
upon each other before i hardly looked at his face,his
resembling her,in
do not trouble about my feelings i,am
lydia declared herself satisfied oh yes it would,be
the garden behind into the stable,lane
had covered their traces in a way that showed that they were,very
doubt find waiting for us well there is the,tower
to our,advertisement
crime is common logic is rare therefore it is upon the,logic
cases which are,so
my sole duties,then
the front of the trap his arms folded his,hat
elara clutched the tattered leather pouch containing the few remaining alaria texts their,ancient
briefly watson i,am
pity to his friends and relatives i can see,him
slept badly on account,of
broken man kept alive solely through,the
we passed across holborn,down
knew my secret he was the keeper,of
lysander stark engraved upon it close at his heels,came
neglect i can believe him capable if indeed it should be,so
not like the neighbourhood,in
nepal is a land of contrasts ancient and modern serene and exhilarating,rugged
had not got,beyond
son in law and pray lizzy what said,lady
being a wet night made her feel that the,commonest
good notion of fingering though her taste is,not
cause and effect which gives the charm,to
dr roylott s,chamber
lydia elizabeth accepted their company and the,three
the man who entered was young some two and twenty at,the
her next to being married,a
pretending to admire,her
i can quite understand that,he
together and four evenings may do,a
it is of course well known to you that in a,successful
been famous in the green room for my skill i,took
love of independence had,alone
sold out of geese i see continued holmes pointing,at
of children s bricks it was the toy which he had,promised
thick bell rope which hung down beside,the
afternoon she dropped her thick black veil,over
slabs of,marble
consent and it was bestowed with a most joyful alacrity,mr
he shook hands with us and took his leave outside the wind,still
her lest she,might
gazed at my hair,until
there is the,writing
and have you any on,hand
inferred that his handwriting was,so
he certainly needs a,wash
considering the formidable letters,which
in heaven,s
i had filled the first two with my,linen
to anything that turned,up
violation of everything,right
sherlock holmes and i surveyed,this
dinner i told arthur and mary my experience and,of
and i am for north said i because there are,no
few minutes of his seeing mr mccarthy pass he,had
determine what weather they were to,have
through at rosings to rosings he then hastened to,console
it was too far for me to go weak and ill as i was i determined,to
i cannot say that,i
will soon have to,answer
to know how far she,wished
fabrication for it would be absurd to suppose,that
to fall into the hands of justice as we rolled into eyford,station
your plan is a good one replied elizabeth where,nothing
candid can you not find,the
in the world and everybody hoped that he would,never
that it would be the,greater
colleague i hate to,meet
creature mr holmes and indeed,he
gross hankey s in regent street and then to the church,of
objections there,had
wayside hedges were just throwing out their first green,shoots
absolutely follow,my
that i know,him
sooner had he and his companion taken leave than,a
all yeah yeah,excellent
away with a degree of ill humour which she could,not
you know nothing of the matter that is all,to
has occurred to me as possible that the excitement of,this
having a,companion
attempt of mrs,bennet
elizabeth requiring no partner in,his
nothing more was heard,of
at last flung it across the room and gave myself up entirely,to
the lady loves her husband she does not love,your
coat of,some
i had no keener pleasure than in following holmes,in
ways of our,fellow
and me we shall be in danger of hating,each
the other clerks,about
colonel fitzwilliam what do i play next my,fingers
you will excuse my troubling you i,am
in today s fast paced world it is more important,than
you fill me with interest,said
idle and frivolous gallantry and while,she
words she gave a violent start and looked up,with
this was not very consoling,to
done it and was screening him,or
reasoner when he became a specialist,in
gives who is little accustomed,to
woman bent over me and tugged at me with,her
he was,rather
it is my belief that she died,of
value heaven forgive me for that last sentence but,the
it is so long a chain and,yet
me on that score let us sit,down
who are sound in body,and
with an oath tell mary that i shall want a fire in my room to,day
incapable of employing or even of understanding,to
my mind without being able to make,anything
it is nothing very formidable he said,taking
shop and when i have bought some prettier coloured,satin
she showed me as i told you,she
man who was nearly fifteen,years
it is,it
of openshaw from america with their papers it may,well
humming a tune under my breath to,keep
send back your answer as fast as you can and be careful to,write
journey and their,wardrobe
the coroner what,do
likely to give,any
recollection of jane not untinctured by tenderness and a wish,of
case you,would
southampton the day after their flight and he is now the holder of,a
no but,the
for the pleasure of talking,of
more how could he spare half ten thousand,pounds
lucas s where a large party,were
chandler no you kidding the guy s a freak,ross
mr bingley,was
express it quite so strongly anywhere else here you are in,your
it was,left
remains to be determined is whether,we
sure was one of,them
then he has assuredly,gone
you did not overhear what,they
oh dear yes,but
darcy s vindication though grateful to her feelings,capable
i married too and though my wife died young she,left
with a determined cry elara hurled the fireball at the sand serpent the creature shrieked in,agony
house it seemed likely enough that the weighted coat had remained,when
but they,were
affairs i,know
circumstances connected,with
leaving me palpitating with horror i took,up
down at her and as,it
yes there were several,little
embarrassment from,which
collins and the gaieties,of
your attention to the advertisement how,long
you to,start
but elizabeth,who
deal of brandy,and
crime it is a subject to which i have devoted some little,attention
he shot one of his suspicious looks at me perhaps we,had
great convenience and yet there was something,unnatural
this then it is the butt end of the gun as the,son
least be no,want
finally of the mission which he had accomplished so,delicately
here had a,claim
likely even to charlotte s wishes to be,the
that very moment for his hand was still raised,to
the family without being alarmed on the score of the,gentleman
qualifications i understand,that
and then wandered about the room collecting pillows from his bed,and
this part of the kingdom he,promises
could possibly need so there is little,which
thick soled shooting boots and a grey,cloak
with the minute description which wickham could give and,in
to walk,by
these pledges are a step,in
i am afraid said i that the facts are,so
she brought i understand a,considerable
when she married again so,soon
that my secret was,safe
young lady and,the
precious a thing,in
carried to her by mr collins and,whenever
of the,bridegroom
in this quiet way the first fortnight of her,visit
monica oh i was hoping you wouldn t,remember
the room her impatience was severe,mr
the child was with them so that i had an admirable opportunity,i
is the disposition of the,child
and every step was bringing,forward
christmas two years ago and,met
impatiently when i have told you that i saw arthur,with
she has only one daughter the,heiress
engagements with each other,how
he i daresay that,if
woods to the boscombe pool it was,damp
policy in extending the franchise to them,he
a coster s orange barrow i,should
make her resigned as for elizabeth,herself
for the present free,trade
not at all this gentleman mr,wilson
carriage miss bingley was venting her feelings in,criticisms
ross okay,sure
you would certainly not,be
at the same time perfectly correct and unassuming and,the
take great liberties still of course in america they look,upon
attachment as this she might have sufficient charms and,though
children and,i
there is a little reward i fancy have you your cheque,book
she will make him,a
holmes had sat up upon the,couch
you sure that everything is,fastened
i saw,it
it is,also
elizabeth coolly will,be
does her,stepfather
i started,from
to trace,a
elizabeth was too much embarrassed to say a word,after
absolutely concentrated upon the matter before him that,a
must have been nearer twelve he sat at my side in,silence
last monday i,had
i assure you that it has not detracted,in
look well oh that i had,been
crushed in,the
night dr roylott had gone to his room early,though
happening on the,very
showed me that it was only a quarter,past
at that time i hope that you will,postpone
friend s amazing powers in the use of disguises,i
i am perfectly convinced by it that mr darcy has no,defect
and now i will show you what is really a very interesting study,mr
you a,cab
proficient in his profession but is also discreet,and
chandler i would have to say that,is
clearer both to the general public and to lord st simon in,particular
probable in your rooms,at
exceeded all that i have heard of it and now i must fly,to
thought of,nothing
then i shall,go
have recourse to other,methods
an agent without putting,myself
fleshless nose gave him somewhat the resemblance to a,fierce
on indifferent matters until they,reached
explaining omne,ignotum
feeling at any rate it,was
lizzie keep the,change
to put on whatever of your clothes is superior to,the
it to consult the wishes of the present party i am,much
face and,shaking
beautiful oaks and spanish,chestnuts
uneasy and she resolved to,speak
where a few drops of blood had,fallen
that i,could
seats mr collins was at leisure to look around him,and
the liveliest,of
you when they found you lying fainting in,the
flushing up to the roots of his flaming head if,you
nothing to,complain
married a resemblance,in
in mining,he
you pay a royalty,fee
quietly we,will
well but darcy,at
reasons why the more daring criminals,of
quite so,and
to me no sir i think that with,your
was a mass of black fluffy ashes as of,burned
eight weeks passed away,like
no i cannot i answered sharply i have been far,too
had detached mr bingley from your sister and the,other
certain something in her air and manner of walking the,tone
with my knowledge that the doctor was,furnished
bizarre and outside,the
reasoning and extraordinary,energy
passing over an angle of surrey and,ending
ten to,two
highway robber there were six of,us
monday the rd my father was absent from home at the time,of
which he had promised to bring,home
in fold upon fold over his throat,sat
sympathy for all red headed,men
of these stains upon the,felt
if you,will
particularly accused me i am ignorant but,of
not so much to the many causes c l bres and sensational,trials
young and unknown man,a
hope quite so easily changed as,that
glass factories and paper mills ha,ha
expression of,mingled
for some time to come,hence
any account trifle with her,affectionate
that s,no
joey you,got
there was a long silence during which,holmes
amid the short grass which bounded it on either side,sometimes
tap at,the
lamp and a few,moments
abound in the,gaieties
i cannot,tell
roar of the doctor s voice and,saw
countenance such an,openness
thieves i have caught you have i you,are
open and though evidently regretting that her visitors,were
he didn t mind me in fact he took a fancy to me for at the,time
monica you,actually
scene cental perk joey,and
but i,have
one night it,was
of the coronet and of arthur,s
the leather bag in which,i
indeed said holmes was it your custom,always
the adventure,of
as you see,i
he will be forgot and we shall all,be
her she flattered herself that she alone had touched his heart,the
strong smell of burning oil and heated metal,someone
the landlord,of
of mingled horror and,pity
left leg and it is also true,that
can guard,against
down into an armchair you see but you do,not
her wishes did not err but,when
so much for the lascar manager now for the sinister cripple,who
again amongst the most,violent
my dear,holmes
steam escaping continually,from
dressed people who had watched the scuffle without taking,part
ross dr oberman,okay
guard came out of the,room
its bearings deduce from it not only all the,chain
my dear mr bennet said his lady to him one,day
this manner,a
understand that i am not accustomed to doing such,business
disease for his eye was,bright
compensation received soon afterwards,material
with three long windows reaching down to,the
if you please,miss
but she could remember no more substantial good than the,general
met long ago he knows,of
that mrs hudson has had the good sense to light the fire pray,draw
that there were fewer passengers than,usual
know there,is
to see lydia with anxious parade walk up to her mother,s
red headed,clients
they degenerate into bickering and,chandler
joanne look at you in the apron you look like you re,in
a cheetah too perhaps we might find it upon,our
mortgage the last squire dragged out his existence there,living
whose eye,she
you are mistaken,i
came in then it is a hat of,the
i desire you will do no such,thing
again his astonishment was obvious and he,looked
liable to you for actual direct,indirect
quite so there you are and,underneath
upon that,point
miss bennet,eagerly
my sister had told me some weeks before that i might have,the
way merely in order that you might see,him
mr holmes and we shall,see
himself down into his chair once more,that
experts are calling for the development of ethical guidelines and regulations for the development and use of,ai
apologise for about a quarter of,an
without reference to you,or
been in town three months,last
of thought and carelessness of execution,which
spies in an enemy,s
my name said he is mr duncan ross and i am myself one of,the
had the honour of,preaching
their daughter to whom they,could
when the clock struck three elizabeth felt that she,must
plugs and dottles,left
accompanied him charlotte took her sister,and
the little dim lit station after eleven o clock i,was
boy to apologise to him for the wrong which i have done him as,to
phoebe oh wait she s walking across the floor she s walking she s walking she s going,for
with g users can download large files in seconds stream high definition videos without buffering and experience more immersive,gaming
increasing intimacy and ventured to predict,the
oh yes i know that i have treated you real,bad
my dear,young
it was pitch dark inside the house and,the
could she do and into her sitting,room
fast to get rid of him and unwilling for her sister s,sake
gouldings soon that will make thirteen,with
inspection of his chair,showed
became him but though she could,not
probabilities and reconciling herself as,well
by whom he now has,two
you have an,answer
real state of her sister s,spirits
was elizabeth disposed to part from,him
looked there was no one there the cabman said,that
are rolled,in
astonishment a quite epicurean little cold supper began to be,laid
information in this case i found her biography sandwiched,in
are i fancy nearing the end,of
scarcely an eye which did not watch his behaviour,when
determined to have a look at it anyhow so i bought a penny,bottle
heard some slight indication,of
without losing a moment of the time,so
it he leaned back in his chair with,the
sort and,i
here unless,i
chandler oh i think this,is
i want to test a little,theory
i made for my sister s house she had married a man,named
satisfaction than his words,alone
villa with a garden at the back but built out in front right up,to
wedding clothes and,things
sherlock holmes quick eye took in my,occupation
ah who i would call your attention very particularly to,two
for a,partner
became almost hopeless more especially as the,time
elizabeth now expected that,she
acquaintance would now,be
natural under the circumstances and yet,might
a command line interface allows people to give commands in plain text and get a,response
investments with which it is concerned the total income,which
other a man who will certainly get seven,years
traveller in,wines
was safe and locked,it
herself the very soul of delicacy a shadow of a doubt as,to
sake say no more of his partners oh that he had sprained,his
seized my hair in both his hands and,tugged
nothing to do but,to
was obliged to walk about the room,while
when the,ladies
hubbub of the gale there burst forth the wild scream,of
ask nothing about,it
i say,it
